-- SELECT id,name,max_percentage,approval_above_percentage,status,created_by FROM discount_rules WHERE name='QA B1.4 1790311210474'; SELECT action,entity_type,entity_id,actor_id,actor_role FROM audit_logs WHERE action ILIKE '%discount%' OR entity_type ILIKE '%discount%' ORDER BY created_at DESC LIMIT 10;
discount-rule-e9f952c5-4df5-4465-8924-5086f6d3398c	QA B1.4 1790311210474	10.00	10.00	ACTIVE	cp-dashboard-v5-user-gerencia
pricing.discount_rule_created	discount_rule	discount-rule-e9f952c5-4df5-4465-8924-5086f6d3398c	cp-dashboard-v5-user-gerencia	GERENCIA
pricing.discount_rule_created	discount_rule	discount-rule-9a8cc7eb-fb36-4413-956b-3900a88cfb0a	cp-dashboard-v5-user-gerencia	GERENCIA
pricing.discount_rule_created	discount_rule	discount-rule-17105060-a04b-4d0c-82dd-78b8af52fdb7	cp-dashboard-v5-user-gerencia	GERENCIA
pricing.discount_rule_created	discount_rule	discount-rule-5be90cc5-fb99-4245-ae51-73c87d994a08	cp-dashboard-v5-user-gerencia	GERENCIA
pricing.discount_rule_created	discount_rule	discount-rule-f0950103-1b36-44ab-a686-5b8d1e279ae8	cp-dashboard-v5-user-gerencia	GERENCIA
pricing.discount_rule_created	discount_rule	discount-rule-0140bf71-e5ce-4241-ac45-cee216044a33	cp-dashboard-v5-user-gerencia	GERENCIA
pricing.discount_rule_created	discount_rule	discount-rule-911763bd-321c-49a3-abaa-75e2721ac8b3	cp-dashboard-v5-user-gerencia	GERENCIA
pricing.discount_rule_created	discount_rule	discount-rule-ae8a28d4-5139-483c-97de-895efb567903	cp-dashboard-v5-user-gerencia	GERENCIA
quote.discount_approved	quote_discount_approval	discount-approval-e7038533-59d3-4c1b-b7aa-1b1712fdc6a7	cp-dashboard-v5-user-gerencia	GERENCIA
pricing.discount_rule_created	discount_rule	discount-rule-71614d34-782e-49cd-9630-6ebcee4cc772	cp-dashboard-v5-user-gerencia	GERENCIA
