-- SELECT id,name,max_percentage,approval_above_percentage,status FROM discount_rules ORDER BY created_at DESC LIMIT 10;
discount-rule-e9f952c5-4df5-4465-8924-5086f6d3398c	QA B1.4 1790311210474	10.00	10.00	ACTIVE
discount-rule-9a8cc7eb-fb36-4413-956b-3900a88cfb0a	QA B1.4 1790311136970	10.00	10.00	ACTIVE
discount-rule-17105060-a04b-4d0c-82dd-78b8af52fdb7	QA diagnostic 1790311054529	10.00	10.00	ACTIVE
discount-rule-5be90cc5-fb99-4245-ae51-73c87d994a08	QA B1.4 1790311006849	10.00	10.00	ACTIVE
discount-rule-f0950103-1b36-44ab-a686-5b8d1e279ae8	QA B1.4 1790310848980	10.00	10.00	ACTIVE
discount-rule-0140bf71-e5ce-4241-ac45-cee216044a33	QA B1.4 1790310736377	10.00	10.00	ACTIVE
discount-rule-911763bd-321c-49a3-abaa-75e2721ac8b3	QA B1.4 1790310534797	10.00	10.00	ACTIVE
discount-rule-ae8a28d4-5139-483c-97de-895efb567903	QA B1.4 1790310482819	10.00	10.00	ACTIVE
discount-rule-71614d34-782e-49cd-9630-6ebcee4cc772	QA R3.7 1790310095311	20.00	12.00	ACTIVE
