-- SELECT q.id,q.tracking_code,q.workflow_status,q.status,q.discount_approval_status,q.email,qi.sku_snapshot,qi.quantity,n.type,n.title FROM quotes q LEFT JOIN quote_items qi ON qi.quote_id=q.id LEFT JOIN notifications n ON n.link LIKE '%' || q.id || '%' WHERE q.id='CP-20260924-YD5P' ORDER BY n.created_at DESC;
CP-20260924-YD5P	CP-20260924-YD5P	DRAFT	borrador	NOT_REQUIRED	b11.1790293924277@example.test	CP-ROT-8284	1	LEAD_CREATED	Nuevo lead comercial
CP-20260924-YD5P	CP-20260924-YD5P	DRAFT	borrador	NOT_REQUIRED	b11.1790293924277@example.test	CP-ROT-8284	1	LEAD_CREATED	Nuevo lead comercial
CP-20260924-YD5P	CP-20260924-YD5P	DRAFT	borrador	NOT_REQUIRED	b11.1790293924277@example.test	CP-ROT-8284	1	LEAD_CREATED	Nuevo lead comercial
CP-20260924-YD5P	CP-20260924-YD5P	DRAFT	borrador	NOT_REQUIRED	b11.1790293924277@example.test	CP-ROT-8284	1	LEAD_CREATED	Nuevo lead comercial
CP-20260924-YD5P	CP-20260924-YD5P	DRAFT	borrador	NOT_REQUIRED	b11.1790293924277@example.test	CP-ROT-8284	1	LEAD_CREATED	Nuevo lead comercial
CP-20260924-YD5P	CP-20260924-YD5P	DRAFT	borrador	NOT_REQUIRED	b11.1790293924277@example.test	CP-ROT-8284	1	LEAD_CREATED	Nuevo lead comercial
CP-20260924-YD5P	CP-20260924-YD5P	DRAFT	borrador	NOT_REQUIRED	b11.1790293924277@example.test	CP-ROT-8284	1	LEAD_CREATED	Nuevo lead comercial
CP-20260924-YD5P	CP-20260924-YD5P	DRAFT	borrador	NOT_REQUIRED	b11.1790293924277@example.test	CP-ROT-8284	1	LEAD_CREATED	Nuevo lead comercial
CP-20260924-YD5P	CP-20260924-YD5P	DRAFT	borrador	NOT_REQUIRED	b11.1790293924277@example.test	CP-ROT-8284	1	LEAD_CREATED	Nuevo lead comercial
CP-20260924-YD5P	CP-20260924-YD5P	DRAFT	borrador	NOT_REQUIRED	b11.1790293924277@example.test	CP-ROT-8284	1	LEAD_CREATED	Nuevo lead comercial
CP-20260924-YD5P	CP-20260924-YD5P	DRAFT	borrador	NOT_REQUIRED	b11.1790293924277@example.test	CP-ROT-8284	1	QUOTE_CREATED	Nueva solicitud de cotización
CP-20260924-YD5P	CP-20260924-YD5P	DRAFT	borrador	NOT_REQUIRED	b11.1790293924277@example.test	CP-ROT-8284	1	QUOTE_CREATED	Nueva solicitud de cotización
CP-20260924-YD5P	CP-20260924-YD5P	DRAFT	borrador	NOT_REQUIRED	b11.1790293924277@example.test	CP-ROT-8284	1	QUOTE_CREATED	Nueva solicitud de cotización
CP-20260924-YD5P	CP-20260924-YD5P	DRAFT	borrador	NOT_REQUIRED	b11.1790293924277@example.test	CP-ROT-8284	1	QUOTE_CREATED	Nueva solicitud de cotización
CP-20260924-YD5P	CP-20260924-YD5P	DRAFT	borrador	NOT_REQUIRED	b11.1790293924277@example.test	CP-ROT-8284	1	QUOTE_CREATED	Nueva solicitud de cotización
CP-20260924-YD5P	CP-20260924-YD5P	DRAFT	borrador	NOT_REQUIRED	b11.1790293924277@example.test	CP-ROT-8284	1	QUOTE_CREATED	Nueva solicitud de cotización
CP-20260924-YD5P	CP-20260924-YD5P	DRAFT	borrador	NOT_REQUIRED	b11.1790293924277@example.test	CP-ROT-8284	1	QUOTE_CREATED	Nueva solicitud de cotización
CP-20260924-YD5P	CP-20260924-YD5P	DRAFT	borrador	NOT_REQUIRED	b11.1790293924277@example.test	CP-ROT-8284	1	QUOTE_CREATED	Nueva solicitud de cotización
CP-20260924-YD5P	CP-20260924-YD5P	DRAFT	borrador	NOT_REQUIRED	b11.1790293924277@example.test	CP-ROT-8284	1	QUOTE_CREATED	Nueva solicitud de cotización
CP-20260924-YD5P	CP-20260924-YD5P	DRAFT	borrador	NOT_REQUIRED	b11.1790293924277@example.test	CP-ROT-8284	1	QUOTE_CREATED	Nueva solicitud de cotización
