-- SELECT id,version,commercial_name,legal_name,ruc,updated_by,updated_at FROM company_settings WHERE id='default'; SELECT id,version,actor_id,actor_role,before,after,created_at FROM company_settings_history WHERE settings_id='default' ORDER BY version DESC LIMIT 5; SELECT id,action,entity_type,entity_id,actor_id,actor_role,created_at FROM audit_logs WHERE entity_id='default' ORDER BY created_at DESC LIMIT 10;
default	6	ColdPower QA B7.2 1790297706581			user_3HsX8RHS2xwA0sPrSpXAe5SdDOO	2026-09-24 19:55:10.231-05
settings-history-35431d4c-28d7-4b3f-9d0d-d921d0d48fd8	6	user_3HsX8RHS2xwA0sPrSpXAe5SdDOO	SUPERADMIN	{"paymentMethods": ["CREDIT_CARD", "DEBIT_CARD", "YAPE", "PLIN", "CASH"], "legalPagesPublished": false}	{"commercialName": "ColdPower QA B7.2 1790297706581", "paymentMethods": ["CREDIT_CARD", "DEBIT_CARD", "YAPE", "PLIN", "CASH"], "legalPagesPublished": false}	2026-09-24 19:55:10.226635-05
settings-history-c02ff5de-eade-444b-9727-f72b745cf930	5	user_3HsX8RHS2xwA0sPrSpXAe5SdDOO	SUPERADMIN	{"paymentMethods": ["CREDIT_CARD", "DEBIT_CARD", "YAPE", "PLIN", "CASH"], "legalPagesPublished": true}	{"paymentMethods": ["CREDIT_CARD", "DEBIT_CARD", "YAPE", "PLIN", "CASH"], "legalPagesPublished": false}	2026-09-24 11:51:43.497187-05
settings-history-420d22cd-1421-43a4-be85-43af17423437	4	user_3HsX8RHS2xwA0sPrSpXAe5SdDOO	SUPERADMIN	{"paymentMethods": ["CREDIT_CARD", "DEBIT_CARD", "YAPE", "PLIN", "CASH"], "legalPagesPublished": false}	{"paymentMethods": ["CREDIT_CARD", "DEBIT_CARD", "YAPE", "PLIN", "CASH"], "legalPagesPublished": true}	2026-09-24 11:50:43.980468-05
settings-history-60dc924b-d0e0-4b95-8790-83ecc1c26006	3	user_3HsX8RHS2xwA0sPrSpXAe5SdDOO	SUPERADMIN	{"paymentMethods": ["CREDIT_CARD", "DEBIT_CARD", "YAPE", "PLIN", "CASH"], "legalPagesPublished": true}	{"paymentMethods": ["CREDIT_CARD", "DEBIT_CARD", "YAPE", "PLIN", "CASH"], "legalPagesPublished": false}	2026-09-24 11:49:23.042876-05
settings-history-b42408f1-606d-4946-adf7-fa443cd6bd23	2	user_3HsX8RHS2xwA0sPrSpXAe5SdDOO	SUPERADMIN	{"paymentMethods": ["CREDIT_CARD", "DEBIT_CARD", "YAPE", "PLIN", "CASH"], "legalPagesPublished": false}	{"paymentMethods": ["CREDIT_CARD", "DEBIT_CARD", "YAPE", "PLIN", "CASH"], "legalPagesPublished": true}	2026-09-24 11:37:47.54148-05
audit-9283a4c0-4637-4d20-9137-f44ff849950d	company.settings_updated	company_settings	default	user_3HsX8RHS2xwA0sPrSpXAe5SdDOO	SUPERADMIN	2026-09-24 19:55:10.226635-05
audit-beeb6e91-2eae-4436-8663-8ebea91ccd47	company.legal_pages_publication_updated	company_settings	default	user_3HsX8RHS2xwA0sPrSpXAe5SdDOO	SUPERADMIN	2026-09-24 11:51:43.497187-05
audit-518a54eb-9e82-438d-8008-3d19350cd7de	company.legal_pages_publication_updated	company_settings	default	user_3HsX8RHS2xwA0sPrSpXAe5SdDOO	SUPERADMIN	2026-09-24 11:50:43.980468-05
audit-897bb429-6b4a-4cca-b584-632d5fb8746f	company.legal_pages_publication_updated	company_settings	default	user_3HsX8RHS2xwA0sPrSpXAe5SdDOO	SUPERADMIN	2026-09-24 11:49:23.042876-05
audit-4a28106b-fc76-4f15-908f-ae5a51f49e36	company.legal_pages_publication_updated	company_settings	default	user_3HsX8RHS2xwA0sPrSpXAe5SdDOO	SUPERADMIN	2026-09-24 11:37:47.54148-05
