-- SELECT id,tax_rate,tax_mode,version FROM company_settings WHERE id='default'; SELECT id,version,actor_role,after,created_at FROM company_settings_history WHERE settings_id='default' ORDER BY created_at DESC LIMIT 5; SELECT action,actor_role,entity_type,entity_id,after,created_at FROM audit_logs WHERE entity_type='company_settings' ORDER BY created_at DESC LIMIT 5;
default			29
settings-history-27e0f3d8-0ef9-4abc-993c-1bbd7459f92d	29	SUPERADMIN	{"taxMode": null, "paymentMethods": ["CREDIT_CARD", "DEBIT_CARD", "YAPE", "PLIN", "CASH"], "legalPagesPublished": false}	2026-09-24 22:03:24.295821-05
settings-history-b781e087-ad83-4668-a288-1072e87fbd6a	28	SUPERADMIN	{"taxMode": "INCLUDED", "taxRate": "18.00", "paymentMethods": ["CREDIT_CARD", "DEBIT_CARD", "YAPE", "PLIN", "CASH"], "legalPagesPublished": false}	2026-09-24 22:02:56.315808-05
settings-history-0b6a1385-8ff4-4660-8380-4b8451717ef9	27	SUPERADMIN	{"taxMode": null, "paymentMethods": ["CREDIT_CARD", "DEBIT_CARD", "YAPE", "PLIN", "CASH"], "legalPagesPublished": false}	2026-09-24 22:01:23.273671-05
settings-history-5af27199-e273-4679-88aa-a54729a83199	26	SUPERADMIN	{"taxMode": "INCLUDED", "taxRate": "18.00", "paymentMethods": ["CREDIT_CARD", "DEBIT_CARD", "YAPE", "PLIN", "CASH"], "legalPagesPublished": false}	2026-09-24 22:00:31.396198-05
settings-history-f216709c-715e-4bc8-9dad-3b75b525b23c	25	SUPERADMIN	{"taxMode": null, "paymentMethods": ["CREDIT_CARD", "DEBIT_CARD", "YAPE", "PLIN", "CASH"], "legalPagesPublished": false}	2026-09-24 21:59:39.749368-05
company.settings_updated	SUPERADMIN	company_settings	default	{"version": 29, "settings": {"taxMode": null, "paymentMethods": ["CREDIT_CARD", "DEBIT_CARD", "YAPE", "PLIN", "CASH"], "legalPagesPublished": false}}	2026-09-24 22:03:24.295821-05
company.settings_updated	SUPERADMIN	company_settings	default	{"version": 28, "settings": {"taxMode": "INCLUDED", "taxRate": "18.00", "paymentMethods": ["CREDIT_CARD", "DEBIT_CARD", "YAPE", "PLIN", "CASH"], "legalPagesPublished": false}}	2026-09-24 22:02:56.315808-05
company.settings_updated	SUPERADMIN	company_settings	default	{"version": 27, "settings": {"taxMode": null, "paymentMethods": ["CREDIT_CARD", "DEBIT_CARD", "YAPE", "PLIN", "CASH"], "legalPagesPublished": false}}	2026-09-24 22:01:23.273671-05
company.settings_updated	SUPERADMIN	company_settings	default	{"version": 26, "settings": {"taxMode": "INCLUDED", "taxRate": "18.00", "paymentMethods": ["CREDIT_CARD", "DEBIT_CARD", "YAPE", "PLIN", "CASH"], "legalPagesPublished": false}}	2026-09-24 22:00:31.396198-05
company.settings_updated	SUPERADMIN	company_settings	default	{"version": 25, "settings": {"taxMode": null, "paymentMethods": ["CREDIT_CARD", "DEBIT_CARD", "YAPE", "PLIN", "CASH"], "legalPagesPublished": false}}	2026-09-24 21:59:39.749368-05
